provider_id,year,kickoff,season_name,round_number,venue,home_team,home_goals,home_behinds,away_team,away_goals,away_behinds
CD_M20131010101,2013,2013-02-15T07:45:00.000+0000,2013 AFL NAB Cup,1,Marvel Stadium,Essendon,5,6,Western Bulldogs,1,4
CD_M20131010102,2013,2013-02-15T08:50:00.000+0000,2013 AFL NAB Cup,1,Marvel Stadium,Western Bulldogs,4,5,Collingwood,6,2
CD_M20131010103,2013,2013-02-15T09:55:00.000+0000,2013 AFL NAB Cup,1,Marvel Stadium,Collingwood,2,10,Essendon,4,5
CD_M20131010104,2013,2013-02-16T08:40:00.000+0000,2013 AFL NAB Cup,1,Domain Stadium,West Coast,6,2,Geelong,6,4
CD_M20131010105,2013,2013-02-16T09:45:00.000+0000,2013 AFL NAB Cup,1,Domain Stadium,Fremantle,7,6,Geelong,4,6
CD_M20131010106,2013,2013-02-16T10:50:00.000+0000,2013 AFL NAB Cup,1,Domain Stadium,West Coast,4,7,Fremantle,2,4
CD_M20131010107,2013,2013-02-17T05:40:00.000+0000,2013 AFL NAB Cup,1,AAMI Stadium,Adelaide,3,6,St Kilda,8,2
CD_M20131010108,2013,2013-02-17T06:45:00.000+0000,2013 AFL NAB Cup,1,AAMI Stadium,Port Adelaide,9,2,St Kilda,2,3
CD_M20131010109,2013,2013-02-17T07:50:00.000+0000,2013 AFL NAB Cup,1,AAMI Stadium,Adelaide,6,7,Port Adelaide,4,3
CD_M20131010110,2013,2013-02-22T07:45:00.000+0000,2013 AFL NAB Cup,1,Marvel Stadium,Kangaroos,4,5,Melbourne,5,6
CD_M20131010111,2013,2013-02-22T08:50:00.000+0000,2013 AFL NAB Cup,1,Marvel Stadium,Melbourne,2,3,Richmond,2,9
CD_M20131010112,2013,2013-02-22T09:55:00.000+0000,2013 AFL NAB Cup,1,Marvel Stadium,Richmond,6,8,Kangaroos,7,6
CD_M20131010113,2013,2013-02-23T08:40:00.000+0000,2013 AFL NAB Cup,1,People First Stadium,Gold Coast,4,6,Hawthorn,4,5
CD_M20131010114,2013,2013-02-23T09:45:00.000+0000,2013 AFL NAB Cup,1,People First Stadium,Brisbane Lions,4,8,Hawthorn,1,5
CD_M20131010115,2013,2013-02-23T10:50:00.000+0000,2013 AFL NAB Cup,1,People First Stadium,Gold Coast,3,6,Brisbane Lions,6,3
CD_M20131010116,2013,2013-02-24T05:40:00.000+0000,2013 AFL NAB Cup,1,Blacktown ISP,Greater Western Sydney,5,2,Carlton,4,10
CD_M20131010117,2013,2013-02-24T06:45:00.000+0000,2013 AFL NAB Cup,1,Blacktown ISP,Sydney,3,6,Carlton,5,7
CD_M20131010118,2013,2013-02-24T07:50:00.000+0000,2013 AFL NAB Cup,1,Blacktown ISP,Greater Western Sydney,7,10,Sydney,3,1
CD_M20131010201,2013,2013-03-01T08:40:00.000+0000,2013 AFL NAB Cup,2,Marvel Stadium,Western Bulldogs,10,6,Hawthorn,8,8
CD_M20131010202,2013,2013-03-02T03:40:00.000+0000,2013 AFL NAB Cup,2,GMHBA Stadium,Geelong,16,12,Adelaide,8,6
CD_M20131010203,2013,2013-03-02T05:30:00.000+0000,2013 AFL NAB Cup,2,Riverway Stadium,Gold Coast,11,14,Kangaroos,13,6
CD_M20131010204,2013,2013-03-02T06:10:00.000+0000,2013 AFL NAB Cup,2,Norm Minns Oval,Essendon,10,9,Richmond,8,20
CD_M20131010205,2013,2013-03-02T08:00:00.000+0000,2013 AFL NAB Cup,2,Robertson Oval,Greater Western Sydney,12,7,Brisbane Lions,12,19
CD_M20131010206,2013,2013-03-02T08:40:00.000+0000,2013 AFL NAB Cup,2,Marvel Stadium,Carlton,18,16,Fremantle,6,9
CD_M20131010207,2013,2013-03-03T05:30:00.000+0000,2013 AFL NAB Cup,2,Renmark Football Ground,Port Adelaide,10,7,Melbourne,12,6
CD_M20131010208,2013,2013-03-03T06:10:00.000+0000,2013 AFL NAB Cup,2,Marvel Stadium,St Kilda,13,12,Sydney,8,10
CD_M20131010209,2013,2013-03-03T08:40:00.000+0000,2013 AFL NAB Cup,2,Domain Stadium,West Coast,10,7,Collingwood,10,9
CD_M20131010301,2013,2013-03-08T07:10:00.000+0000,2013 AFL NAB Cup,3,Corroboree Group Oval Manuka,Greater Western Sydney,4,4,Essendon,16,14
CD_M20131010302,2013,2013-03-08T09:40:00.000+0000,2013 AFL NAB Cup,3,AAMI Stadium,Adelaide,11,7,Carlton,13,10
CD_M20131010303,2013,2013-03-09T02:10:00.000+0000,2013 AFL NAB Cup,3,University of Tasmania Stadium,Hawthorn,13,6,Richmond,13,7
CD_M20131010304,2013,2013-03-09T03:30:00.000+0000,2013 AFL NAB Cup,3,Casey Fields,Melbourne,7,6,St Kilda,10,13
CD_M20131010305,2013,2013-03-09T04:45:00.000+0000,2013 AFL NAB Cup,3,GMHBA Stadium,Geelong,14,12,Kangaroos,12,12
CD_M20131010306,2013,2013-03-09T07:30:00.000+0000,2013 AFL NAB Cup,3,Rushton Park,Fremantle,23,8,Western Bulldogs,5,7
CD_M20131010307,2013,2013-03-09T07:40:00.000+0000,2013 AFL NAB Cup,3,Marvel Stadium,Collingwood,7,12,Brisbane Lions,12,16
CD_M20131010308,2013,2013-03-09T08:00:00.000+0000,2013 AFL NAB Cup,3,Blacktown ISP,Sydney,11,14,Gold Coast,6,8
CD_M20131010309,2013,2013-03-09T09:30:00.000+0000,2013 AFL NAB Cup,3,TIO Traeger Park,West Coast,11,11,Port Adelaide,13,5
CD_M20131010401,2013,2013-03-15T08:45:00.000+0000,2013 AFL NAB Cup,4,Marvel Stadium,Carlton,7,9,Brisbane Lions,16,13
CD_M20141010101,2014,2014-02-12T08:10:00.000+0000,2014 AFL NAB Challenge,1,GMHBA Stadium,Geelong,16,8,Collingwood,13,15
CD_M20141010102,2014,2014-02-13T08:10:00.000+0000,2014 AFL NAB Challenge,1,Marvel Stadium,Hawthorn,22,13,Brisbane Lions,3,5
CD_M20141010103,2014,2014-02-14T08:10:00.000+0000,2014 AFL NAB Challenge,1,Marvel Stadium,Richmond,10,15,Melbourne,13,11
CD_M20141010104,2014,2014-02-15T05:40:00.000+0000,2014 AFL NAB Challenge,1,Mars Stadium,Kangaroos,14,9,Carlton,14,7
CD_M20141010105,2014,2014-02-16T05:40:00.000+0000,2014 AFL NAB Challenge,1,Richmond Oval,Adelaide,18,11,Port Adelaide,9,5
CD_M20141010106,2014,2014-02-17T08:10:00.000+0000,2014 AFL NAB Challenge,1,People First Stadium,Gold Coast,11,15,Essendon,13,11
CD_M20141010107,2014,2014-02-18T08:10:00.000+0000,2014 AFL NAB Challenge,1,Joondalup Arena,Fremantle,10,4,West Coast,20,10
CD_M20141010108,2014,2014-02-19T08:10:00.000+0000,2014 AFL NAB Challenge,1,GMHBA Stadium,Western Bulldogs,10,7,St Kilda,7,5
CD_M20141010109,2014,2014-02-20T08:10:00.000+0000,2014 AFL NAB Challenge,1,Corroboree Group Oval Manuka,Greater Western Sydney,11,9,Sydney,15,7
CD_M20141010302,2014,2014-03-06T08:40:00.000+0000,2014 AFL NAB Challenge,3,Domain Stadium,West Coast,13,8,Fremantle,9,13
CD_M20141010306,2014,2014-03-07T02:00:00.000+0000,2014 AFL NAB Challenge,3,Swinburne Centre,Richmond,15,11,Essendon,8,8
CD_M20141010304,2014,2014-03-07T02:30:00.000+0000,2014 AFL NAB Challenge,3,Blacktown ISP,Greater Western Sydney,11,8,Adelaide,12,10
CD_M20141010305,2014,2014-03-07T05:00:00.000+0000,2014 AFL NAB Challenge,3,IKON Park,Carlton,9,12,Western Bulldogs,12,11
CD_M20141010303,2014,2014-03-07T08:00:00.000+0000,2014 AFL NAB Challenge,3,GMHBA Stadium,Geelong,10,7,Kangaroos,11,10
CD_M20141010307,2014,2014-03-08T02:00:00.000+0000,2014 AFL NAB Challenge,3,Alberton Oval,Port Adelaide,18,7,St Kilda,16,10
CD_M20141010308,2014,2014-03-08T02:00:00.000+0000,2014 AFL NAB Challenge,3,Casey Fields,Melbourne,4,8,Hawthorn,21,16
CD_M20141010309,2014,2014-03-08T04:30:00.000+0000,2014 AFL NAB Challenge,3,Moreton Bay Central Sports Complex,Brisbane Lions,8,11,Sydney,12,14
CD_M20151010101,2015,2015-02-26T08:10:00.000+0000,2015 AFL NAB Challenge,1,University of Tasmania Stadium,Hawthorn,8,6,Collingwood,17,14
CD_M20151010102,2015,2015-02-27T08:10:00.000+0000,2015 AFL NAB Challenge,1,Rushton Park,West Coast,9,15,Carlton,4,5
CD_M20151010103,2015,2015-02-28T05:10:00.000+0000,2015 AFL NAB Challenge,1,Moreton Bay Central Sports Complex,Brisbane Lions,7,16,St Kilda,8,7
CD_M20151010104,2015,2015-02-28T05:40:00.000+0000,2015 AFL NAB Challenge,1,Mission Whitten Oval,Western Bulldogs,12,17,Richmond,9,4
CD_M20151010105,2015,2015-03-01T05:40:00.000+0000,2015 AFL NAB Challenge,1,Centenary Oval,Adelaide,12,9,Kangaroos,11,14
CD_M20151010106,2015,2015-03-01T05:40:00.000+0000,2015 AFL NAB Challenge,1,Riverway Stadium,Gold Coast,10,19,Geelong,9,8
CD_M20151010107,2015,2015-03-05T08:10:00.000+0000,2015 AFL NAB Challenge,1,Fremantle Oval,Fremantle,9,7,Melbourne,6,7
CD_M20151010108,2015,2015-03-06T08:10:00.000+0000,2015 AFL NAB Challenge,1,C.ex Coffs International Stadium,Sydney,4,6,Brisbane Lions,10,15
CD_M20151010109,2015,2015-03-07T05:10:00.000+0000,2015 AFL NAB Challenge,1,Blacktown ISP,Greater Western Sydney,14,10,Gold Coast,6,4
CD_M20151010110,2015,2015-03-07T05:40:00.000+0000,2015 AFL NAB Challenge,1,Morwell Recreation Reserve,Essendon,8,3,St Kilda,15,11
CD_M20151010111,2015,2015-03-08T05:40:00.000+0000,2015 AFL NAB Challenge,1,Norwood Oval,Port Adelaide,11,14,West Coast,7,7
CD_M20151010112,2015,2015-03-08T05:40:00.000+0000,2015 AFL NAB Challenge,1,Deakin Reserve Shepparton,Kangaroos,9,13,Hawthorn,9,9
CD_M20151010113,2015,2015-03-12T08:10:00.000+0000,2015 AFL NAB Challenge,1,GMHBA Stadium,Geelong,12,6,Adelaide,9,14
CD_M20151010114,2015,2015-03-13T08:10:00.000+0000,2015 AFL NAB Challenge,1,ENGIE Stadium,Greater Western Sydney,14,13,Essendon,8,4
CD_M20151010115,2015,2015-03-14T05:10:00.000+0000,2015 AFL NAB Challenge,1,Mars Stadium,Western Bulldogs,9,8,Melbourne,10,9
CD_M20151010116,2015,2015-03-14T05:40:00.000+0000,2015 AFL NAB Challenge,1,Lavington Sports Ground,Richmond,14,10,Port Adelaide,5,7
CD_M20151010117,2015,2015-03-15T05:10:00.000+0000,2015 AFL NAB Challenge,1,Drummoyne Oval,Sydney,7,14,Fremantle,6,11
CD_M20151010118,2015,2015-03-15T05:40:00.000+0000,2015 AFL NAB Challenge,1,Queen Elizabeth Oval,Collingwood,7,13,Carlton,9,8
CD_M20151010119,2015,2015-03-19T08:10:00.000+0000,2015 AFL NAB Challenge,1,Marvel Stadium,St Kilda,4,6,Hawthorn,22,13
CD_M20151010120,2015,2015-03-20T06:50:00.000+0000,2015 AFL NAB Challenge,1,Marvel Stadium,Melbourne,11,9,Essendon,11,11
CD_M20151010121,2015,2015-03-20T09:40:00.000+0000,2015 AFL NAB Challenge,1,People First Stadium,Gold Coast,8,15,Brisbane Lions,7,12
CD_M20151010122,2015,2015-03-21T02:10:00.000+0000,2015 AFL NAB Challenge,1,Marvel Stadium,Richmond,12,16,Kangaroos,13,15
CD_M20151010123,2015,2015-03-21T05:10:00.000+0000,2015 AFL NAB Challenge,1,AAMI Stadium,Port Adelaide,13,15,Adelaide,13,12
CD_M20151010124,2015,2015-03-21T08:10:00.000+0000,2015 AFL NAB Challenge,1,Marvel Stadium,Western Bulldogs,18,7,Collingwood,8,6
CD_M20151010125,2015,2015-03-22T02:10:00.000+0000,2015 AFL NAB Challenge,1,Corroboree Group Oval Manuka,Greater Western Sydney,9,13,Sydney,11,7
CD_M20151010126,2015,2015-03-22T05:10:00.000+0000,2015 AFL NAB Challenge,1,Marvel Stadium,Carlton,10,14,Geelong,17,9
CD_M20151010127,2015,2015-03-22T08:10:00.000+0000,2015 AFL NAB Challenge,1,Domain Stadium,West Coast,11,10,Fremantle,13,17
CD_M20161010101,2016,2016-02-18T08:10:00.000+0000,2016 AFL NAB Challenge,1,University of Tasmania Stadium,Hawthorn,8,5,Carlton,4,8
CD_M20161010102,2016,2016-02-19T08:10:00.000+0000,2016 AFL NAB Challenge,1,Rushton Park,Fremantle,14,6,Richmond,4,6
CD_M20161010103,2016,2016-02-20T03:05:00.000+0000,2016 AFL NAB Challenge,1,Norm Minns Oval,St Kilda,9,10,Kangaroos,18,9
CD_M20161010104,2016,2016-02-20T05:40:00.000+0000,2016 AFL NAB Challenge,1,Blacktown ISP,Sydney,10,12,Port Adelaide,7,9
CD_M20161010105,2016,2016-02-21T03:05:00.000+0000,2016 AFL NAB Challenge,1,Unley Oval,Adelaide,20,10,West Coast,7,6
CD_M20161010106,2016,2016-02-21T05:40:00.000+0000,2016 AFL NAB Challenge,1,Moreton Bay Central Sports Complex,Brisbane Lions,6,7,Gold Coast,9,14
CD_M20161010107,2016,2016-02-25T08:10:00.000+0000,2016 AFL NAB Challenge,1,Corroboree Group Oval Manuka,Greater Western Sydney,11,7,Western Bulldogs,13,17
CD_M20161010108,2016,2016-02-26T08:10:00.000+0000,2016 AFL NAB Challenge,1,GMHBA Stadium,Geelong,16,9,Collingwood,21,5
CD_M20161010109,2016,2016-02-27T03:05:00.000+0000,2016 AFL NAB Challenge,1,X Convenience Oval,Port Adelaide,10,7,Melbourne,15,5
CD_M20161010110,2016,2016-02-27T05:40:00.000+0000,2016 AFL NAB Challenge,1,Holm Park Recreation Reserve,Richmond,15,5,Hawthorn,4,9
CD_M20161010111,2016,2016-02-28T03:05:00.000+0000,2016 AFL NAB Challenge,1,IKON Park,Carlton,3,8,Essendon,13,8
CD_M20161010112,2016,2016-02-28T05:40:00.000+0000,2016 AFL NAB Challenge,1,Sounness Park,Fremantle,9,6,Adelaide,8,19
CD_M20161010113,2016,2016-03-03T08:10:00.000+0000,2016 AFL NAB Challenge,1,Joondalup Arena,West Coast,7,13,Gold Coast,6,7
CD_M20161010114,2016,2016-03-04T08:10:00.000+0000,2016 AFL NAB Challenge,1,Drummoyne Oval,Sydney,8,3,Greater Western Sydney,14,10
CD_M20161010115,2016,2016-03-05T03:05:00.000+0000,2016 AFL NAB Challenge,1,Deakin Reserve Shepparton,Essendon,3,6,Geelong,17,9
CD_M20161010116,2016,2016-03-05T05:40:00.000+0000,2016 AFL NAB Challenge,1,Robertson Oval,Kangaroos,10,8,Collingwood,12,13
CD_M20161010117,2016,2016-03-06T03:05:00.000+0000,2016 AFL NAB Challenge,1,Highgate Recreation Reserve,Western Bulldogs,7,9,Melbourne,10,12
CD_M20161010119,2016,2016-03-10T08:10:00.000+0000,2016 AFL NAB Challenge,1,Marvel Stadium,Richmond,4,12,Port Adelaide,13,15
CD_M20161010120,2016,2016-03-11T06:50:00.000+0000,2016 AFL NAB Challenge,1,Marvel Stadium,Carlton,8,12,Sydney,14,7
CD_M20161010121,2016,2016-03-11T09:40:00.000+0000,2016 AFL NAB Challenge,1,People First Stadium,Gold Coast,11,18,Adelaide,12,10
CD_M20161010122,2016,2016-03-12T02:10:00.000+0000,2016 AFL NAB Challenge,1,Marvel Stadium,Collingwood,15,8,Western Bulldogs,14,12
CD_M20161010123,2016,2016-03-12T05:10:00.000+0000,2016 AFL NAB Challenge,1,Domain Stadium,Fremantle,9,11,Geelong,10,11
CD_M20161010124,2016,2016-03-12T08:10:00.000+0000,2016 AFL NAB Challenge,1,Marvel Stadium,Hawthorn,16,11,Kangaroos,12,8
CD_M20161010125,2016,2016-03-13T02:10:00.000+0000,2016 AFL NAB Challenge,1,People First Stadium,Brisbane Lions,9,11,Greater Western Sydney,17,11
CD_M20161010126,2016,2016-03-13T05:10:00.000+0000,2016 AFL NAB Challenge,1,Marvel Stadium,Melbourne,14,14,St Kilda,12,11
CD_M20161010127,2016,2016-03-13T08:10:00.000+0000,2016 AFL NAB Challenge,1,Domain Stadium,West Coast,23,11,Essendon,7,11
CD_M20171010101,2017,2017-02-16T08:40:00.000+0000,2017 AFL JLT Series,1,Marvel Stadium,Collingwood,13,9,Essendon,14,10
CD_M20171010102,2017,2017-02-17T08:40:00.000+0000,2017 AFL JLT Series,1,University of Tasmania Stadium,Hawthorn,15,8,Geelong,13,7
CD_M20171010103,2017,2017-02-18T03:05:00.000+0000,2017 AFL JLT Series,1,Narrandera Sports Ground,Greater Western Sydney,10,10,West Coast,5,7
CD_M20171010104,2017,2017-02-18T05:40:00.000+0000,2017 AFL JLT Series,1,Mission Whitten Oval,Western Bulldogs,9,14,Melbourne,14,8
CD_M20171010105,2017,2017-02-19T03:05:00.000+0000,2017 AFL JLT Series,1,C.ex Coffs International Stadium,Sydney,8,15,Kangaroos,9,11
CD_M20171010106,2017,2017-02-19T05:40:00.000+0000,2017 AFL JLT Series,1,Kombumerri Park,Gold Coast,11,15,Brisbane Lions,7,6
CD_M20171010201,2017,2017-02-23T08:40:00.000+0000,2017 AFL JLT Series,2,Marvel Stadium,St Kilda,8,9,Port Adelaide,7,14
CD_M20171010202,2017,2017-02-24T08:40:00.000+0000,2017 AFL JLT Series,2,Marvel Stadium,Richmond,14,8,Adelaide,10,13
CD_M20171010203,2017,2017-02-25T03:05:00.000+0000,2017 AFL JLT Series,2,Casey Fields,Melbourne,17,14,Carlton,9,8
CD_M20171010204,2017,2017-02-25T07:40:00.000+0000,2017 AFL JLT Series,2,Wonthella Oval,West Coast,16,11,Fremantle,8,4
CD_M20171010205,2017,2017-02-26T03:05:00.000+0000,2017 AFL JLT Series,2,Arden Street Oval,Kangaroos,13,17,Hawthorn,11,8
CD_M20171010206,2017,2017-02-26T05:40:00.000+0000,2017 AFL JLT Series,2,Great Barrier Reef Arena,Gold Coast,12,7,Essendon,12,4
CD_M20171010301,2017,2017-03-02T08:40:00.000+0000,2017 AFL JLT Series,3,Marvel Stadium,Western Bulldogs,6,13,Brisbane Lions,10,6
CD_M20171010302,2017,2017-03-03T08:40:00.000+0000,2017 AFL JLT Series,3,Blacktown ISP,Greater Western Sydney,4,9,Sydney,8,6
CD_M20171010303,2017,2017-03-04T03:05:00.000+0000,2017 AFL JLT Series,3,IKON Park,Carlton,4,6,St Kilda,18,14
CD_M20171010304,2017,2017-03-04T05:40:00.000+0000,2017 AFL JLT Series,3,Rushton Park,Fremantle,11,12,Collingwood,12,4
CD_M20171010305,2017,2017-03-05T03:05:00.000+0000,2017 AFL JLT Series,3,Richmond Oval,Adelaide,9,7,Geelong,7,13
CD_M20171010306,2017,2017-03-05T05:40:00.000+0000,2017 AFL JLT Series,3,Malseed Park,Port Adelaide,7,9,Richmond,11,13
CD_M20171010401,2017,2017-03-09T06:50:00.000+0000,2017 AFL JLT Series,4,People First Stadium,Gold Coast,16,9,Western Bulldogs,13,12
CD_M20171010402,2017,2017-03-09T09:40:00.000+0000,2017 AFL JLT Series,4,Domain Stadium,West Coast,14,11,Melbourne,9,7
CD_M20171010403,2017,2017-03-10T06:50:00.000+0000,2017 AFL JLT Series,4,Corroboree Group Oval Manuka,Greater Western Sydney,15,17,Kangaroos,12,15
CD_M20171010404,2017,2017-03-10T09:40:00.000+0000,2017 AFL JLT Series,4,Domain Stadium,Fremantle,12,14,Carlton,12,11
CD_M20171010405,2017,2017-03-11T02:10:00.000+0000,2017 AFL JLT Series,4,Ted Summerton Recreational Reserve,Richmond,16,11,Collingwood,15,15
CD_M20171010406,2017,2017-03-11T05:10:00.000+0000,2017 AFL JLT Series,4,Magain Stadium,Adelaide,20,13,Brisbane Lions,15,4
CD_M20171010407,2017,2017-03-12T02:10:00.000+0000,2017 AFL JLT Series,4,Magain Stadium,Port Adelaide,14,12,Hawthorn,8,11
CD_M20171010408,2017,2017-03-12T05:10:00.000+0000,2017 AFL JLT Series,4,Queen Elizabeth Oval,Geelong,17,11,Essendon,12,10
CD_M20171010409,2017,2017-03-12T08:10:00.000+0000,2017 AFL JLT Series,4,Lavington Sports Ground,St Kilda,10,14,Sydney,11,11
CD_M20181010101,2018,2018-02-24T03:05:00.000+0000,2018 AFL JLT Series,1,Twin Oval Kingston,Kangaroos,11,5,Melbourne,19,10
CD_M20181010102,2018,2018-02-24T05:35:00.000+0000,2018 AFL JLT Series,1,Norm Minns Oval,Essendon,5,7,Richmond,19,10
CD_M20181010103,2018,2018-02-25T03:05:00.000+0000,2018 AFL JLT Series,1,Strathalbyn,Adelaide,13,13,Fremantle,12,9
CD_M20181010104,2018,2018-02-25T07:35:00.000+0000,2018 AFL JLT Series,1,Sullivan Logistics Stadium,West Coast,8,8,Port Adelaide,8,6
CD_M20181010105,2018,2018-02-28T08:10:00.000+0000,2018 AFL JLT Series,1,IKON Park,Carlton,13,11,St Kilda,9,13
CD_M20181010106,2018,2018-03-01T08:10:00.000+0000,2018 AFL JLT Series,1,Corroboree Group Oval Manuka,Greater Western Sydney,14,12,Collingwood,5,6
CD_M20181010107,2018,2018-03-03T03:05:00.000+0000,2018 AFL JLT Series,1,Mars Stadium,Western Bulldogs,15,10,Hawthorn,11,12
CD_M20181010108,2018,2018-03-03T05:35:00.000+0000,2018 AFL JLT Series,1,Moreton Bay Central Sports Complex,Brisbane Lions,5,10,Sydney,14,11
CD_M20181010109,2018,2018-03-04T05:35:00.000+0000,2018 AFL JLT Series,1,Riverway Stadium,Gold Coast,12,13,Geelong,3,11
CD_M20181010201,2018,2018-03-07T08:05:00.000+0000,2018 AFL JLT Series,2,IKON Park,Richmond,19,14,Kangaroos,8,10
CD_M20181010202,2018,2018-03-08T08:05:00.000+0000,2018 AFL JLT Series,2,Casey Fields,Melbourne,18,11,St Kilda,14,9
CD_M20181010203,2018,2018-03-09T08:40:00.000+0000,2018 AFL JLT Series,2,Blacktown ISP,Sydney,12,10,Greater Western Sydney,9,17
CD_M20181010204,2018,2018-03-10T02:05:00.000+0000,2018 AFL JLT Series,2,Ted Summerton Recreational Reserve,Collingwood,16,17,Western Bulldogs,12,8
CD_M20181010205,2018,2018-03-10T05:05:00.000+0000,2018 AFL JLT Series,2,Alberton Oval,Port Adelaide,16,2,Adelaide,11,6
CD_M20181010206,2018,2018-03-10T08:05:00.000+0000,2018 AFL JLT Series,2,University of Tasmania Stadium,Hawthorn,13,19,Carlton,16,6
CD_M20181010207,2018,2018-03-11T02:05:00.000+0000,2018 AFL JLT Series,2,Central Reserve,Geelong,15,7,Essendon,15,11
CD_M20181010208,2018,2018-03-11T05:05:00.000+0000,2018 AFL JLT Series,2,Fankhauser Reserve,Gold Coast,7,7,Brisbane Lions,4,18
CD_M20181010209,2018,2018-03-11T08:05:00.000+0000,2018 AFL JLT Series,2,Joondalup Arena,Fremantle,14,17,West Coast,5,9
CD_M20191010101,2019,2019-02-28T07:40:00.000+0000,2019 AFL JLT Series,1,IKON Park,Carlton,15,10,Essendon,14,7
CD_M20191010102,2019,2019-03-01T08:10:00.000+0000,2019 AFL JLT Series,1,Sullivan Logistics Stadium,West Coast,15,9,Geelong,8,17
CD_M20191010103,2019,2019-03-02T02:10:00.000+0000,2019 AFL JLT Series,1,Melbourne Avalon Airport Oval,Kangaroos,11,11,St Kilda,15,12
CD_M20191010104,2019,2019-03-02T05:10:00.000+0000,2019 AFL JLT Series,1,Memorial Oval,Adelaide,16,10,Port Adelaide,14,5
CD_M20191010105,2019,2019-03-02T08:10:00.000+0000,2019 AFL JLT Series,1,Blacktown ISP,Greater Western Sydney,12,9,Sydney,8,11
CD_M20191010106,2019,2019-03-03T02:40:00.000+0000,2019 AFL JLT Series,1,Moreton Bay Central Sports Complex,Brisbane Lions,15,12,Hawthorn,8,12
CD_M20191010107,2019,2019-03-03T05:40:00.000+0000,2019 AFL JLT Series,1,Deakin Reserve Shepparton,Richmond,16,17,Melbourne,16,5
CD_M20191010108,2019,2019-03-03T08:40:00.000+0000,2019 AFL JLT Series,1,Great Barrier Reef Arena,Gold Coast,11,11,Western Bulldogs,10,12
CD_M20191010109,2019,2019-03-04T07:40:00.000+0000,2019 AFL JLT Series,1,Joondalup Arena,Fremantle,12,12,Collingwood,17,9
CD_M20191010201,2019,2019-03-07T08:10:00.000+0000,2019 AFL JLT Series,2,GMHBA Stadium,Geelong,15,11,Essendon,11,7
CD_M20191010202,2019,2019-03-08T08:10:00.000+0000,2019 AFL JLT Series,2,Corroboree Group Oval Manuka,Greater Western Sydney,7,15,Adelaide,10,15
CD_M20191010203,2019,2019-03-09T02:10:00.000+0000,2019 AFL JLT Series,2,Alberton Oval,Port Adelaide,19,9,Kangaroos,16,6
CD_M20191010204,2019,2019-03-09T05:10:00.000+0000,2019 AFL JLT Series,2,Casey Fields,Melbourne,15,7,Brisbane Lions,16,8
CD_M20191010205,2019,2019-03-09T08:10:00.000+0000,2019 AFL JLT Series,2,University of Tasmania Stadium,Hawthorn,13,9,Richmond,14,11
CD_M20191010206,2019,2019-03-10T02:10:00.000+0000,2019 AFL JLT Series,2,Oakes Oval,Sydney,19,9,Gold Coast,11,15
CD_M20191010207,2019,2019-03-10T05:10:00.000+0000,2019 AFL JLT Series,2,Mars Stadium,Western Bulldogs,12,7,St Kilda,14,9
CD_M20191010208,2019,2019-03-10T08:10:00.000+0000,2019 AFL JLT Series,2,Rushton Park,Fremantle,8,10,West Coast,16,13
CD_M20191010209,2019,2019-03-11T03:10:00.000+0000,2019 AFL JLT Series,2,Morwell Recreation Reserve,Collingwood,11,11,Carlton,10,13
CD_M20201010101,2020,2020-02-20T08:10:00.000+0000,2020 Marsh Community Series,1,RSEA Park,St Kilda,17,9,Hawthorn,13,12
CD_M20201010102,2020,2020-02-21T08:10:00.000+0000,2020 Marsh Community Series,1,Marvel Stadium,Western Bulldogs,15,11,Kangaroos,9,3
CD_M20201010103,2020,2020-02-22T05:40:00.000+0000,2020 Marsh Community Series,1,Casey Fields,Melbourne,15,13,Adelaide,10,10
CD_M20201010104,2020,2020-02-22T08:40:00.000+0000,2020 Marsh Community Series,1,People First Stadium,Gold Coast,17,20,Geelong,7,12
CD_M20201010105,2020,2020-02-23T05:10:00.000+0000,2020 Marsh Community Series,1,Moreton Bay Central Sports Complex,Brisbane Lions,12,5,Port Adelaide,14,14
CD_M20201010106,2020,2020-02-27T08:40:00.000+0000,2020 Marsh Community Series,1,Mineral Resources Park,West Coast,13,9,Essendon,14,11
CD_M20201010107,2020,2020-02-29T05:10:00.000+0000,2020 Marsh Community Series,1,Blacktown ISP,Greater Western Sydney,19,7,Sydney,3,9
CD_M20201010108,2020,2020-02-29T08:10:00.000+0000,2020 Marsh Community Series,1,Rushton Park,Fremantle,13,12,Carlton,5,13
CD_M20201010109,2020,2020-03-01T05:10:00.000+0000,2020 Marsh Community Series,1,Norm Minns Oval,Richmond,6,8,Collingwood,13,6
CD_M20201010201,2020,2020-03-06T05:50:00.000+0000,2020 Marsh Community Series,2,Magain Stadium,Adelaide,9,10,Gold Coast,9,17
CD_M20201010202,2020,2020-03-06T08:40:00.000+0000,2020 Marsh Community Series,2,University of Tasmania Stadium,Hawthorn,6,13,Melbourne,12,9
CD_M20201010203,2020,2020-03-07T05:10:00.000+0000,2020 Marsh Community Series,2,Bennett Oval,Port Adelaide,14,11,Western Bulldogs,13,7
CD_M20201010204,2020,2020-03-07T08:10:00.000+0000,2020 Marsh Community Series,2,Joondalup Arena,West Coast,7,12,Fremantle,8,7
CD_M20201010205,2020,2020-03-08T01:40:00.000+0000,2020 Marsh Community Series,2,Robertson Oval,Greater Western Sydney,17,7,Richmond,14,11
CD_M20201010206,2020,2020-03-08T04:50:00.000+0000,2020 Marsh Community Series,2,Morwell Recreation Reserve,Collingwood,9,3,St Kilda,10,8
CD_M20201010207,2020,2020-03-08T07:40:00.000+0000,2020 Marsh Community Series,2,IKON Park,Carlton,10,6,Brisbane Lions,16,15
CD_M20201010208,2020,2020-03-09T02:40:00.000+0000,2020 Marsh Community Series,2,Twin Oval Kingston,Kangaroos,14,6,Sydney,12,7
CD_M20201010209,2020,2020-03-09T05:40:00.000+0000,2020 Marsh Community Series,2,Central Reserve,Geelong,9,7,Essendon,9,11
CD_M20211010101,2021,2021-03-04T08:10:00.000+0000,2021 AAMI Community Series,1,Marvel Stadium,Carlton,15,9,St Kilda,19,11
CD_M20211010102,2021,2021-03-05T08:25:00.000+0000,2021 AAMI Community Series,1,Marvel Stadium,Collingwood,11,8,Richmond,11,14
CD_M20211010103,2021,2021-03-06T05:10:00.000+0000,2021 AAMI Community Series,1,Arden Street Oval,Kangaroos,12,9,Hawthorn,17,18
CD_M20211010105,2021,2021-03-06T08:10:00.000+0000,2021 AAMI Community Series,1,GMHBA Stadium,Geelong,12,7,Essendon,9,18
CD_M20211010107,2021,2021-03-07T02:10:00.000+0000,2021 AAMI Community Series,1,ENGIE Stadium,Greater Western Sydney,18,6,Sydney,12,14
CD_M20211010108,2021,2021-03-07T05:10:00.000+0000,2021 AAMI Community Series,1,Magain Stadium,Adelaide,6,9,Port Adelaide,17,14
CD_M20211010104,2021,2021-03-07T08:10:00.000+0000,2021 AAMI Community Series,1,Optus Stadium,West Coast,9,13,Fremantle,8,9
CD_M20211010109,2021,2021-03-08T04:10:00.000+0000,2021 AAMI Community Series,1,Marvel Stadium,Western Bulldogs,15,16,Melbourne,10,7
CD_M20211010106,2021,2021-03-08T08:10:00.000+0000,2021 AAMI Community Series,1,People First Stadium,Gold Coast,13,11,Brisbane Lions,18,9
CD_M20221010101,2022,2022-03-03T08:20:00.000+0000,2022 AAMI Community Series,1,Marvel Stadium,Carlton,15,8,Melbourne,14,9
CD_M20221010102,2022,2022-03-04T08:20:00.000+0000,2022 AAMI Community Series,1,Marvel Stadium,Western Bulldogs,11,14,Brisbane Lions,12,14
CD_M20221010103,2022,2022-03-05T02:10:00.000+0000,2022 AAMI Community Series,1,Devonport Oval,Hawthorn,9,15,Richmond,14,10
CD_M20221010104,2022,2022-03-05T05:10:00.000+0000,2022 AAMI Community Series,1,Richmond Oval,Adelaide,11,8,Port Adelaide,17,9
CD_M20221010105,2022,2022-03-05T08:10:00.000+0000,2022 AAMI Community Series,1,Marvel Stadium,Essendon,9,17,St Kilda,12,10
CD_M20221010106,2022,2022-03-06T01:40:00.000+0000,2022 AAMI Community Series,1,ENGIE Stadium,Greater Western Sydney,15,10,Collingwood,8,11
CD_M20221010107,2022,2022-03-06T05:20:00.000+0000,2022 AAMI Community Series,1,ENGIE Stadium,Sydney,12,10,Kangaroos,7,9
CD_M20221010108,2022,2022-03-06T08:10:00.000+0000,2022 AAMI Community Series,1,Optus Stadium,Fremantle,11,13,West Coast,10,6
CD_M20221010109,2022,2022-03-07T08:40:00.000+0000,2022 AAMI Community Series,1,People First Stadium,Gold Coast,13,17,Geelong,11,6
CD_M20231010101,2023,2023-03-02T06:10:00.000+0000,2023 AFL Practice Matches,1,University of Tasmania Stadium,Hawthorn,14,16,Collingwood,15,16
CD_M20231010102,2023,2023-03-02T08:10:00.000+0000,2023 AFL Practice Matches,1,Fremantle Oval,Fremantle,13,14,Port Adelaide,8,13
CD_M20231010103,2023,2023-03-02T09:10:00.000+0000,2023 AFL Practice Matches,1,Brighton Homes Arena,Brisbane Lions,13,13,Geelong,6,9
CD_M20231010104,2023,2023-03-03T05:10:00.000+0000,2023 AFL Practice Matches,1,RSEA Park,St Kilda,10,7,Essendon,3,14
CD_M20231010105,2023,2023-03-03T08:10:00.000+0000,2023 AFL Practice Matches,1,Blacktown ISP,Sydney,15,7,Carlton,7,12
CD_M20231010106,2023,2023-03-03T08:40:00.000+0000,2023 AFL Practice Matches,1,Mineral Resources Park,West Coast,7,10,Adelaide,17,9
CD_M20231010107,2023,2023-03-04T01:10:00.000+0000,2023 AFL Practice Matches,1,Blacktown ISP,Greater Western Sydney,19,8,Gold Coast,12,5
CD_M20231010108,2023,2023-03-04T02:10:00.000+0000,2023 AFL Practice Matches,1,IKON Park,Western Bulldogs,22,11,Kangaroos,13,7
CD_M20231010109,2023,2023-03-04T05:10:00.000+0000,2023 AFL Practice Matches,1,Casey Fields,Melbourne,18,13,Richmond,10,11
CD_M20241010101,2024,2024-02-27T07:40:00.000+0000,2024 AAMI Community Series,1,IKON Park,Collingwood,10,16,Richmond,5,16
CD_M20241010102,2024,2024-02-28T07:40:00.000+0000,2024 AAMI Community Series,1,IKON Park,Carlton,10,3,Melbourne,15,11
CD_M20241010103,2024,2024-02-29T08:10:00.000+0000,2024 AAMI Community Series,1,Blacktown ISP,Sydney,8,8,Brisbane Lions,12,9
CD_M20241010104,2024,2024-02-29T08:10:00.000+0000,2024 AAMI Community Series,1,Corroboree Group Oval Manuka,Greater Western Sydney,15,15,Gold Coast,9,7
CD_M20241010105,2024,2024-03-01T06:10:00.000+0000,2024 AAMI Community Series,1,GMHBA Stadium,Geelong,11,17,Essendon,10,11
CD_M20241010106,2024,2024-03-01T09:00:00.000+0000,2024 AAMI Community Series,1,Alberton Oval,Port Adelaide,13,14,Fremantle,8,5
CD_M20241010107,2024,2024-03-02T04:10:00.000+0000,2024 AAMI Community Series,1,Richmond Oval,Adelaide,17,15,West Coast,7,8
CD_M20241010108,2024,2024-03-02T07:10:00.000+0000,2024 AAMI Community Series,1,University of Tasmania Stadium,Hawthorn,9,8,Western Bulldogs,17,17
CD_M20241010109,2024,2024-03-03T03:10:00.000+0000,2024 AAMI Community Series,1,RSEA Park,St Kilda,11,18,Kangaroos,10,5
CD_M20251010101,2025,2025-02-25T08:20:00.000+0000,2025 AAMI Community Series,1,GMHBA Stadium,Geelong,12,11,Essendon,17,2
CD_M20251010102,2025,2025-02-26T08:10:00.000+0000,2025 AAMI Community Series,1,IKON Park,Richmond,6,13,Collingwood,21,6
CD_M20251010103,2025,2025-02-27T06:20:00.000+0000,2025 AAMI Community Series,1,University of Tasmania Stadium,Hawthorn,9,12,Western Bulldogs,11,11
CD_M20251010104,2025,2025-02-27T09:10:00.000+0000,2025 AAMI Community Series,1,Brighton Homes Arena,Brisbane Lions,13,16,Adelaide,14,13
CD_M20251010105,2025,2025-02-28T06:20:00.000+0000,2025 AAMI Community Series,1,Corroboree Group Oval Manuka,Greater Western Sydney,9,12,Carlton,18,16
CD_M20251010106,2025,2025-02-28T09:10:00.000+0000,2025 AAMI Community Series,1,People First Stadium,Gold Coast,8,15,Sydney,12,12
CD_M20251010107,2025,2025-03-01T04:10:00.000+0000,2025 AAMI Community Series,1,RSEA Park,St Kilda,7,7,Port Adelaide,14,9
CD_M20251010108,2025,2025-03-01T07:10:00.000+0000,2025 AAMI Community Series,1,Hands Oval,West Coast,11,5,Kangaroos,9,15
CD_M20251010109,2025,2025-03-02T07:10:00.000+0000,2025 AAMI Community Series,1,Rushton Park,Fremantle,16,13,Melbourne,11,24
CD_M20261010101,2026,2026-02-25T08:10:00.000+0000,2026 AAMI Community Series,1,IKON Park,Carlton,13,8,Geelong,11,5
CD_M20261010102,2026,2026-02-26T05:10:00.000+0000,2026 AAMI Community Series,1,Henson Park,Sydney,14,13,Greater Western Sydney,8,11
CD_M20261010103,2026,2026-02-26T08:10:00.000+0000,2026 AAMI Community Series,1,Brighton Homes Arena,Brisbane Lions,19,12,Gold Coast,15,11
CD_M20261010104,2026,2026-02-27T05:10:00.000+0000,2026 AAMI Community Series,1,Mars Stadium,Melbourne,12,6,Richmond,6,7
CD_M20261010105,2026,2026-02-27T08:10:00.000+0000,2026 AAMI Community Series,1,Mission Whitten Oval,Western Bulldogs,18,9,Hawthorn,11,7
CD_M20261010106,2026,2026-02-28T04:10:00.000+0000,2026 AAMI Community Series,1,Mars Stadium,St Kilda,17,13,Essendon,10,12
CD_M20261010107,2026,2026-02-28T07:10:00.000+0000,2026 AAMI Community Series,1,Rushton Park,Fremantle,12,12,Adelaide,9,14
CD_M20261010108,2026,2026-03-01T04:10:00.000+0000,2026 AAMI Community Series,1,Mars Stadium,Kangaroos,12,18,Collingwood,14,5
CD_M20261010109,2026,2026-03-01T07:10:00.000+0000,2026 AAMI Community Series,1,Mineral Resources Park,West Coast,9,13,Port Adelaide,22,8
