squiggle_game_id,match_id,date,round,home_team,away_team,actual_margin,repository_actual_margin,challenger_margin,challenger_abs_error,wheelo_margin,wheelo_abs_error,scoring_shots_margin,scoring_shots_abs_error
38494,031620260305,2026-03-05,0,Sydney,Carlton,63.0,63.0,12.24468461090508,50.75531538909492,14.6,48.4,9.997099163528288,53.00290083647171
38495,092020260306,2026-03-06,0,Gold Coast,Geelong,56.0,56.0,1.9368955779422103,54.06310442205779,1.9,54.1,-6.037538853602448,62.03753885360245
38496,102120260307,2026-03-07,0,Greater Western Sydney,Hawthorn,27.0,27.0,3.156361681301932,23.84363831869807,-12.4,39.4,-4.956642913085898,31.956642913085897
38497,071920260307,2026-03-07,0,Brisbane Lions,Western Bulldogs,-5.0,-5.0,8.032551848571789,13.032551848571789,16.6,21.6,10.09593769554105,15.09593769554105
38498,041520260308,2026-03-08,0,St Kilda,Collingwood,-12.0,-12.0,3.2800791945827807,15.28007919458278,-2.6,9.4,-13.21721490093458,1.2172149009345805
38499,031420260312,2026-03-12,1,Carlton,Richmond,4.0,4.0,21.604193837368385,17.604193837368385,14.8,10.8,26.556637630966982,22.556637630966982
38500,051020260313,2026-03-13,1,Essendon,Hawthorn,-62.0,-62.0,-26.463503203728095,35.536496796271905,-40.9,21.1,-25.80312364516562,36.19687635483438
38501,072120260314,2026-03-14,1,Western Bulldogs,Greater Western Sydney,81.0,81.0,34.46649788912583,46.53350211087417,28.4,52.6,25.336813822560586,55.663186177439414
38502,080920260314,2026-03-14,1,Geelong,Fremantle,10.0,10.0,15.060343369941023,5.060343369941023,18.9,8.899999999999999,21.356167540938145,11.356167540938145
38503,161920260314,2026-03-14,1,Sydney,Brisbane Lions,44.0,44.0,4.382740275199954,39.61725972480005,11.9,32.1,-10.899869143159169,54.899869143159165
38504,010420260314,2026-03-14,1,Collingwood,Adelaide,-14.0,-14.0,-2.85524120046942,11.14475879953058,16.1,30.1,12.729641073279586,26.729641073279588
38505,121320260315,2026-03-15,1,Kangaroos,Port Adelaide,46.0,46.0,-0.03202970955738191,46.032029709557385,9.4,36.6,-4.733473135782004,50.733473135782006
38506,111520260315,2026-03-15,1,Melbourne,St Kilda,13.0,13.0,2.843516525079981,10.15648347492002,-6.1,19.1,16.59890312627698,3.59890312627698
38507,182020260315,2026-03-15,1,Gold Coast,West Coast,59.0,59.0,57.26989953794971,1.730100462050288,62.9,3.8999999999999986,48.209290932017716,10.790709067982284
38508,101620260319,2026-03-19,2,Hawthorn,Sydney,17.0,17.0,-4.455977159223606,21.455977159223607,19.6,2.6000000000000014,17.27948268377155,0.27948268377155117
38509,010720260320,2026-03-20,2,Adelaide,Western Bulldogs,-6.0,-6.0,-14.236436483426353,8.236436483426353,-5.7,0.2999999999999998,-5.889787538194708,0.11021246180529243
38510,142020260321,2026-03-21,2,Richmond,Gold Coast,-68.0,-68.0,-22.049269527716632,45.95073047228337,-22.4,45.6,-24.81179652454942,43.18820347545058
38511,152120260321,2026-03-21,2,Greater Western Sydney,St Kilda,-4.0,-4.0,0.2200000546328269,4.220000054632827,-1.0,3.0,14.826608043021771,18.82660804302177
38512,081120260321,2026-03-21,2,Fremantle,Melbourne,48.0,48.0,8.790900193633405,39.209099806366595,18.5,29.5,13.500476438947926,34.49952356105207
38513,051320260322,2026-03-22,2,Port Adelaide,Essendon,63.0,63.0,30.407268809939275,32.592731190060725,19.6,43.4,19.862761926093118,43.137238073906886
38514,121820260322,2026-03-22,2,West Coast,Kangaroos,17.0,17.0,-21.54365343995197,38.54365343995197,-11.7,28.7,-1.1798115404936171,18.179811540493617
38515,010920260326,2026-03-26,3,Geelong,Adelaide,8.0,8.0,5.972129694147305,2.0278703058526952,22.9,14.899999999999999,15.94822686522082,7.9482268652208194
38516,042120260327,2026-03-27,3,Collingwood,Greater Western Sydney,33.0,33.0,10.57482611136566,22.42517388863434,23.0,10.0,16.616767411830875,16.383232588169125
38517,151920260328,2026-03-28,3,St Kilda,Brisbane Lions,-33.0,-33.0,-8.177739142023897,24.822260857976104,-4.9,28.1,-16.878598643598057,16.121401356401943
38518,081420260328,2026-03-28,3,Fremantle,Richmond,60.0,60.0,44.88173073094232,15.118269269057677,55.5,4.5,39.965395187123015,20.034604812876985
38519,051220260328,2026-03-28,3,Essendon,Kangaroos,-12.0,-12.0,-30.518158108276538,18.518158108276538,-19.2,7.199999999999999,2.9617632797322773,14.961763279732278
38520,131820260329,2026-03-29,3,Port Adelaide,West Coast,-2.0,-2.0,37.93232945363927,39.93232945363927,23.9,25.9,24.090038025985155,26.090038025985155
38521,031120260329,2026-03-29,3,Carlton,Melbourne,-23.0,-23.0,-2.433249260480231,20.56675073951977,-1.9,21.1,3.4250701176208835,26.425070117620884
38522,041920260402,2026-04-02,4,Brisbane Lions,Collingwood,54.0,54.0,23.225385112400065,30.774614887599935,27.1,26.9,16.118874344315625,37.88112565568437
38523,031220260403,2026-04-03,4,Kangaroos,Carlton,10.0,10.0,1.3004674812200758,8.699532518779924,-0.4,10.4,-7.43198582146574,17.43198582146574
38524,010820260403,2026-04-03,4,Adelaide,Fremantle,-2.0,-2.0,3.296853169470077,5.296853169470078,-2.9,0.8999999999999999,2.8353844210742523,4.835384421074252
38525,131420260404,2026-04-04,4,Richmond,Port Adelaide,-42.0,-42.0,-20.571504163535856,21.428495836464144,-13.8,28.2,-8.892590688812708,33.10740931118729
38526,161820260404,2026-04-04,4,West Coast,Sydney,-128.0,-128.0,-33.626853049611064,94.37314695038893,-33.3,94.7,-21.66563771470388,106.33436228529612
38527,112020260405,2026-04-05,4,Melbourne,Gold Coast,20.0,20.0,-5.332409834959078,25.33240983495908,-11.8,31.8,-7.742088352141127,27.742088352141128
38528,050720260405,2026-04-05,4,Western Bulldogs,Essendon,34.0,34.0,74.37326549025546,40.37326549025546,54.4,20.4,53.82706606806395,19.82706606806395
38529,091020260406,2026-04-06,4,Hawthorn,Geelong,1.0,1.0,6.7312465281742515,5.7312465281742515,4.8,3.8,7.81561048797858,6.81561048797858
38530,010320260409,2026-04-09,5,Adelaide,Carlton,28.0,28.0,23.949505358661774,4.050494641338226,34.1,6.100000000000001,23.282434995433363,4.717565004566637
38531,040820260410,2026-04-10,5,Collingwood,Fremantle,-6.0,-6.0,-14.822203480030193,8.822203480030193,-10.1,4.1,0.4010894587485371,6.401089458748537
38532,121920260411,2026-04-11,5,Kangaroos,Brisbane Lions,-26.0,-26.0,-20.455134707281154,5.544865292718846,-41.04,15.04,-35.074191684998,9.074191684997999
38533,051120260411,2026-04-11,5,Essendon,Melbourne,45.0,45.0,-37.60087541957791,82.6008754195779,-27.92,72.92,-18.09253001960713,63.092530019607125
38534,162020260411,2026-04-11,5,Sydney,Gold Coast,32.0,32.0,14.098906727879873,17.90109327212013,1.81,30.19,6.638891355705482,25.361108644294518
38535,071020260411,2026-04-11,5,Hawthorn,Western Bulldogs,40.0,40.0,-15.245701647236857,55.24570164723686,11.47,28.53,6.997477013424703,33.0025229865753
38536,091820260412,2026-04-12,5,Geelong,West Coast,46.0,46.0,44.41415709485621,1.5858429051437923,51.11,5.109999999999999,53.154684545418924,7.154684545418924
38537,142120260412,2026-04-12,5,Greater Western Sydney,Richmond,56.0,56.0,23.115313462572875,32.88468653742713,32.51,23.490000000000002,37.16390103221279,18.83609896778721
38538,131520260412,2026-04-12,5,Port Adelaide,St Kilda,-14.0,-14.0,2.861536992703842,16.86153699270384,-9.36,4.640000000000001,1.7286779504690175,15.728677950469017
38539,030420260416,2026-04-16,6,Carlton,Collingwood,-5.0,-5.0,-0.42659155610551025,4.57340844389449,-6.93,1.9299999999999997,-7.328079011424581,2.328079011424581
38540,070920260417,2026-04-17,6,Geelong,Western Bulldogs,75.0,75.0,-12.96032642042745,87.96032642042745,7.61,67.39,5.607024724682886,69.39297527531711
38541,162120260417,2026-04-17,6,Sydney,Greater Western Sydney,41.0,41.0,37.295215756620166,3.7047842433798337,25.86,15.14,17.136370195528087,23.863629804471913
38542,052020260418,2026-04-18,6,Gold Coast,Essendon,9.0,9.0,45.613374048270494,36.613374048270494,42.94,33.94,36.27225526209097,27.272255262090972
38543,101320260418,2026-04-18,6,Hawthorn,Port Adelaide,3.0,3.0,18.46330482132936,15.46330482132936,34.49,31.490000000000002,37.86588302623311,34.86588302623311
38544,011520260418,2026-04-18,6,Adelaide,St Kilda,1.0,1.0,10.421699542150012,9.421699542150012,1.66,0.6599999999999999,18.2691709492369,17.2691709492369
38545,121420260419,2026-04-19,6,Kangaroos,Richmond,75.0,75.0,37.02569897206871,37.97430102793129,29.41,45.59,17.04391541681622,57.95608458318378
38546,111920260419,2026-04-19,6,Melbourne,Brisbane Lions,2.0,2.0,-14.629310818205212,16.629310818205212,-32.83,34.83,-16.083668051138023,18.083668051138023
38547,081820260419,2026-04-19,6,West Coast,Fremantle,-56.0,-56.0,-53.9383587563151,2.061641243684903,-46.73,9.270000000000003,-34.14492304044038,21.855076959559618
38548,071620260423,2026-04-23,7,Western Bulldogs,Sydney,-66.0,-66.0,0.8779751912007975,66.8779751912008,-2.23,63.77,12.73358999122809,78.73358999122809
38549,111420260424,2026-04-24,7,Richmond,Melbourne,-54.0,-54.0,-39.48857079538557,14.51142920461443,-25.39,28.61,-21.339610704324627,32.66038929567537
38550,102020260425,2026-04-25,7,Hawthorn,Gold Coast,49.0,49.0,15.652974488173138,33.347025511826864,8.73,40.269999999999996,16.880982618355958,32.11901738164404
38551,040520260425,2026-04-25,7,Essendon,Collingwood,-77.0,-77.0,-19.976910649333718,57.02308935066628,-29.84,47.16,-18.269742225971225,58.73025777402877
38552,091320260425,2026-04-25,7,Port Adelaide,Geelong,30.0,30.0,-10.015409394415713,40.01540939441571,-30.05,60.05,-23.277745698437585,53.277745698437585
38553,030820260425,2026-04-25,7,Fremantle,Carlton,14.0,14.0,25.760755558041776,11.760755558041776,43.4,29.4,27.67007904064671,13.670079040646709
38554,151820260426,2026-04-26,7,St Kilda,West Coast,101.0,101.0,50.554684216636616,50.445315783363384,45.19,55.81,32.9615921146878,68.03840788531221
38555,011920260426,2026-04-26,7,Brisbane Lions,Adelaide,52.0,52.0,24.523346023062913,27.476653976937087,32.78,19.22,23.137162738063612,28.862837261936388
38556,122120260426,2026-04-26,7,Greater Western Sydney,Kangaroos,7.0,7.0,0.3662838282486458,6.633716171751354,10.66,3.66,28.728719357803158,21.728719357803158
38557,041020260430,2026-04-30,8,Collingwood,Hawthorn,0.0,0.0,-13.548386884366712,13.548386884366712,-23.32,23.32,-3.4361536955347027,3.4361536955347027
38558,070820260501,2026-05-01,8,Western Bulldogs,Fremantle,-12.0,-12.0,2.9384663220242957,14.938466322024295,-8.39,3.6099999999999994,5.288650915194943,17.288650915194943
38559,011320260501,2026-05-01,8,Adelaide,Port Adelaide,1.0,1.0,6.429644623423387,5.429644623423387,5.11,4.11,14.3772588519568,13.3772588519568
38560,051920260502,2026-05-02,8,Essendon,Brisbane Lions,-64.0,-64.0,-36.478157041040994,27.521842958959006,-58.75,5.25,-39.073439684708966,24.926560315291034
38561,141820260502,2026-05-02,8,West Coast,Richmond,-11.0,-11.0,9.001277907904294,20.001277907904296,19.95,30.95,8.401663219185497,19.401663219185497
38562,091220260502,2026-05-02,8,Geelong,Kangaroos,49.0,49.0,31.71707218078194,17.28292781921806,27.7,21.3,41.06103818442617,7.938961815573833
38563,031520260502,2026-05-02,8,Carlton,St Kilda,-39.0,-39.0,-8.749483432311774,30.250516567688226,-5.62,33.38,3.9578293197854397,42.95782931978544
38564,111620260503,2026-05-03,8,Sydney,Melbourne,17.0,17.0,35.571458534282804,18.571458534282804,39.51,22.509999999999998,21.94539958032874,4.94539958032874
38565,202120260503,2026-05-03,8,Gold Coast,Greater Western Sydney,20.0,20.0,16.955644573756988,3.044355426243012,12.15,7.85,11.839360193489242,8.160639806510758
38566,081020260507,2026-05-07,9,Fremantle,Hawthorn,15.0,15.0,-1.061596435680912,16.06159643568091,3.33,11.67,-4.582911398068089,19.582911398068088
38567,031920260508,2026-05-08,9,Brisbane Lions,Carlton,11.0,11.0,38.484090586800114,27.484090586800114,37.37,26.369999999999997,35.99072240935645,24.99072240935645
38568,071320260508,2026-05-08,9,Port Adelaide,Western Bulldogs,-2.0,-2.0,-0.6916430253976615,1.3083569746023385,6.08,8.08,-3.07572790322521,1.0757279032252098
38569,121620260509,2026-05-09,9,Kangaroos,Sydney,-8.0,-8.0,-27.17061555419825,19.17061555419825,-15.54,7.539999999999999,-23.72446440654993,15.72446440654993
38570,052120260509,2026-05-09,9,Greater Western Sydney,Essendon,14.0,14.0,35.3990210636562,21.3990210636562,42.4,28.4,32.369760234283056,18.369760234283056
38571,152020260509,2026-05-09,9,Gold Coast,St Kilda,29.0,29.0,15.885657192128864,13.114342807871136,17.3,11.7,15.162508736423387,13.837491263576613
38572,040920260509,2026-05-09,9,Geelong,Collingwood,54.0,54.0,7.007035677285229,46.99296432271477,10.04,43.96,16.083288879138273,37.91671112086173
38573,111820260510,2026-05-10,9,Melbourne,West Coast,32.0,32.0,40.764065362336126,8.764065362336126,30.38,1.620000000000001,39.503912707535285,7.503912707535285
38574,011420260510,2026-05-10,9,Richmond,Adelaide,-37.0,-37.0,-35.37668577606927,1.623314223930727,-37.01,0.00999999999999801,-27.202504905492884,9.797495094507116
38575,091920260514,2026-05-14,10,Brisbane Lions,Geelong,-41.0,-41.0,7.958564424835323,48.95856442483532,8.44,49.44,10.25664939921529,51.25664939921529
38576,041620260515,2026-05-15,10,Sydney,Collingwood,6.0,6.0,24.206557784129277,18.206557784129277,32.33,26.33,13.495971154250938,7.495971154250938
38577,132020260515,2026-05-15,10,Gold Coast,Port Adelaide,25.0,25.0,20.417552613967537,4.582447386032463,26.25,1.25,17.220581068579765,7.779418931420235
38578,011220260516,2026-05-16,10,Adelaide,Kangaroos,68.0,68.0,19.646084551489153,48.35391544851085,10.87,57.13,24.912454020384818,43.087545979615186
38579,101120260516,2026-05-16,10,Melbourne,Hawthorn,39.0,39.0,-19.660090559142716,58.660090559142716,-16.66,55.66,-15.293129458776017,54.293129458776015
38580,030720260516,2026-05-16,10,Carlton,Western Bulldogs,12.0,12.0,-14.760967281488973,26.760967281488973,-4.68,16.68,-6.44751478885595,18.44751478885595
38581,050820260517,2026-05-17,10,Essendon,Fremantle,-43.0,-43.0,-30.395894461162904,12.604105538837096,-27.72,15.280000000000001,-27.965153007233358,15.034846992766642
38582,141520260517,2026-05-17,10,St Kilda,Richmond,36.0,36.0,41.99070539138783,5.990705391387827,44.77,8.770000000000003,39.21008585614252,3.21008585614252
38583,182120260517,2026-05-17,10,West Coast,Greater Western Sydney,17.0,17.0,-21.50017827443399,38.50017827443399,-22.77,39.769999999999996,-21.721586128727996,38.72158612872799
38584,011020260521,2026-05-21,11,Hawthorn,Adelaide,9.0,9.0,18.236077108184745,9.236077108184745,4.39,4.61,18.71016506529966,9.710165065299659
38585,051420260522,2026-05-22,11,Richmond,Essendon,18.0,18.0,-13.018176854297847,31.01817685429785,-17.5,35.5,-5.7570710798669396,23.75707107986694
38586,081520260522,2026-05-22,11,Fremantle,St Kilda,30.0,30.0,22.53317254794716,7.46682745205284,18.35,11.649999999999999,21.091980868864802,8.908019131135198
38587,122020260523,2026-05-23,11,Kangaroos,Gold Coast,6.0,6.0,-11.407308767227047,17.407308767227047,-10.39,16.39,-13.684081961724836,19.684081961724836
38588,091620260523,2026-05-23,11,Geelong,Sydney,27.0,27.0,12.34431327531982,14.65568672468018,13.81,13.19,16.35480077533488,10.64519922466512
38589,041820260523,2026-05-23,11,Collingwood,West Coast,10.0,10.0,44.459268515078755,34.459268515078755,51.37,41.37,42.57340320416661,32.57340320416661
38590,031320260523,2026-05-23,11,Port Adelaide,Carlton,-34.0,-34.0,14.268730739086635,48.268730739086635,15.77,49.769999999999996,9.027507176622654,43.027507176622656
38591,192120260524,2026-05-24,11,Greater Western Sydney,Brisbane Lions,78.0,78.0,-8.440895883868386,86.4408958838684,-4.92,82.92,-13.043593281371978,91.04359328137198
38592,071120260524,2026-05-24,11,Western Bulldogs,Melbourne,3.0,3.0,3.009240349423187,0.009240349423186967,3.32,0.31999999999999984,11.78915753161849,8.78915753161849
38593,101520260528,2026-05-28,12,St Kilda,Hawthorn,-52.0,-52.0,-11.663582328230868,40.336417671769134,-21.96,30.04,-9.999941739240512,42.00005826075949
38594,030920260529,2026-05-29,12,Carlton,Geelong,4.0,4.0,-23.61707122608466,27.61707122608466,-26.65,30.65,-16.669357330060798,20.669357330060798
38595,141620260530,2026-05-30,12,Sydney,Richmond,114.0,114.0,67.52119564047263,46.47880435952737,54.01,59.99,49.26604951152739,64.7339504884726
38596,081920260530,2026-05-30,12,Brisbane Lions,Fremantle,-25.0,-25.0,8.002983714323236,33.002983714323236,15.69,40.69,7.556852221007197,32.5568522210072
38597,040720260530,2026-05-30,12,Western Bulldogs,Collingwood,4.0,4.0,2.4316650818998276,1.5683349181001724,1.63,2.37,5.884248858435198,1.884248858435198
38598,112120260531,2026-05-31,12,Melbourne,Greater Western Sydney,-49.0,-49.0,6.2914232915363275,55.291423291536326,-5.93,43.07,8.495958039786197,57.495958039786196
38599,051820260531,2026-05-31,12,West Coast,Essendon,30.0,30.0,1.9663934491658517,28.033606550834147,9.0,21.0,2.0341874952497294,27.96581250475027
38600,010920260604,2026-06-04,13,Adelaide,Geelong,1.0,1.0,-6.265899498861376,7.265899498861376,-12.95,13.95,-7.9868191697996815,8.98681916979968
38601,071020260605,2026-06-05,13,Hawthorn,Western Bulldogs,-6.0,-6.0,15.324056095384975,21.324056095384975,11.01,17.009999999999998,21.344889192991516,27.344889192991516
38602,081220260606,2026-06-06,13,Kangaroos,Fremantle,-124.0,-124.0,-30.265992839260058,93.73400716073994,-21.16,102.84,-20.081169647208917,103.91883035279108
38603,192020260606,2026-06-06,13,Gold Coast,Brisbane Lions,-31.0,-31.0,7.141246392926087,38.141246392926085,13.18,44.18,-0.797814366321024,30.202185633678976
38604,131820260606,2026-06-06,13,West Coast,Port Adelaide,-6.0,-6.0,-11.66093477577558,5.66093477577558,-14.06,8.06,-11.782089285357197,5.782089285357197
38605,151620260607,2026-06-07,13,Sydney,St Kilda,2.0,2.0,33.1769327080701,31.176932708070098,26.52,24.52,22.878728622589918,20.878728622589918
38606,030520260607,2026-06-07,13,Essendon,Carlton,-5.0,-5.0,-24.563421440752364,19.563421440752364,-28.97,23.97,-17.618283388171907,12.618283388171907
38607,041120260608,2026-06-08,13,Collingwood,Melbourne,-8.0,-8.0,0.57526562658776,8.57526562658776,0.82,8.82,11.519917057387703,19.5199170573877
38608,010720260611,2026-06-11,14,Western Bulldogs,Adelaide,-57.0,-57.0,0.61363615029691,57.61363615029691,6.13,63.13,4.761450654296608,61.76145065429661
38609,092020260612,2026-06-12,14,Geelong,Gold Coast,45.0,45.0,27.529289423964876,17.470710576035124,25.38,19.62,27.04062345083564,17.95937654916436
38610,051120260613,2026-06-13,14,Melbourne,Essendon,45.0,45.0,30.85347522215659,14.14652477784341,31.98,13.02,34.355127661552174,10.644872338447826
38611,121820260613,2026-06-13,14,Kangaroos,West Coast,1.0,1.0,5.529577929567489,4.529577929567489,17.71,16.71,11.780187066374902,10.780187066374902
38612,131620260613,2026-06-13,14,Port Adelaide,Sydney,-3.0,-3.0,-17.27857378563494,14.27857378563494,-13.43,10.43,-10.89166257116118,7.891662571161181
38613,141920260614,2026-06-14,14,Richmond,Brisbane Lions,-35.0,-35.0,-46.65653089009774,11.656530890097741,-51.07,16.07,-43.2710342488215,8.2710342488215
38614,152120260614,2026-06-14,14,St Kilda,Greater Western Sydney,8.0,8.0,5.4863451770706915,2.5136548229293085,-0.74,8.74,5.113404986951104,2.886595013048896
38615,080920260618,2026-06-18,15,Fremantle,Geelong,9.0,9.0,9.24332656871508,0.24332656871508007,18.81,9.809999999999999,3.1117494614822268,5.888250538517774
38616,102020260619,2026-06-19,15,Gold Coast,Hawthorn,-16.0,-16.0,1.4520519494401587,17.452051949440158,-4.72,11.280000000000001,-10.158872937002783,5.8411270629972165
38617,011120260620,2026-06-20,15,Adelaide,Melbourne,17.0,17.0,12.691405645487269,4.308594354512731,18.21,1.2100000000000009,10.928610752044031,6.071389247955969
38618,032120260620,2026-06-20,15,Greater Western Sydney,Carlton,-23.0,-23.0,13.40247334031799,36.40247334031799,19.37,42.370000000000005,6.872556663183091,29.87255666318309
38619,041320260620,2026-06-20,15,Collingwood,Port Adelaide,26.0,26.0,12.063184299532809,13.936815700467191,10.38,15.62,16.114527356387637,9.885472643612363
38620,121420260621,2026-06-21,15,Richmond,Kangaroos,-25.0,-25.0,-23.94369758711185,1.0563024128881509,-22.82,2.1799999999999997,-8.18278263245777,16.81721736754223
38621,071520260621,2026-06-21,15,St Kilda,Western Bulldogs,-22.0,-22.0,2.3455776438923026,24.3455776438923,5.64,27.64,6.321297882959767,28.32129788295977
38622,161920260625,2026-06-25,16,Brisbane Lions,Sydney,43.0,43.0,-1.3830098382708504,44.38300983827085,-1.3,44.3,10.499455346290706,32.5005446537093
38623,031820260627,2026-06-27,16,Carlton,West Coast,53.0,53.0,33.212657599096374,19.787342400903626,36.64,16.36,33.90416595384227,19.095834046157727
38624,041420260627,2026-06-27,16,Collingwood,Richmond,34.0,34.0,40.987352025052516,6.987352025052516,37.15,3.1499999999999986,46.514946729588246,12.514946729588246
38625,102120260626,2026-06-26,16,Hawthorn,Greater Western Sydney,14.0,14.0,24.11131214200799,10.11131214200799,18.32,4.32,26.64750713189878,12.64750713189878
38626,051220260628,2026-06-28,16,Kangaroos,Essendon,14.0,14.0,14.962767063249089,0.962767063249089,11.3,2.6999999999999993,12.199438690649417,1.8005613093505826
38627,011320260627,2026-06-27,16,Port Adelaide,Adelaide,26.0,26.0,-15.06261341297196,41.062613412971956,-21.77,47.769999999999996,-4.395025433241576,30.395025433241578
38628,082020260628,2026-06-28,16,Fremantle,Gold Coast,51.0,51.0,25.909747691258982,25.090252308741018,31.27,19.73,25.739319750005922,25.260680249994078
38629,051520260705,2026-07-05,17,Essendon,St Kilda,-67.0,-67.0,-25.229414332961976,41.77058566703802,-19.11,47.89,-16.54237148624794,50.457628513752056
38630,091920260702,2026-07-02,17,Geelong,Brisbane Lions,-22.0,-22.0,20.37772346640619,42.377723466406195,15.91,37.91,11.210295040417051,33.21029504041705
38631,042020260704,2026-07-04,17,Gold Coast,Collingwood,-6.0,-6.0,9.142330912606697,15.142330912606697,6.58,12.58,3.61719576243758,9.61719576243758
38632,082120260704,2026-07-04,17,Greater Western Sydney,Fremantle,21.0,21.0,-15.358837230603871,36.35883723060387,-28.02,49.019999999999996,-14.288861118118398,35.2888611181184
38633,101120260704,2026-07-04,17,Hawthorn,Melbourne,-35.0,-35.0,24.316689281057453,59.31668928105745,8.92,43.92,21.615376473913845,56.61537647391384
38634,031420260704,2026-07-04,17,Richmond,Carlton,-2.0,-2.0,-38.11011896490187,36.11011896490187,-28.07,26.07,-33.351186842282075,31.351186842282075
38635,071620260703,2026-07-03,17,Sydney,Western Bulldogs,35.0,35.0,23.40663918961536,11.593360810384642,19.19,15.809999999999999,15.77234194423196,19.22765805576804
38636,121320260705,2026-07-05,17,Port Adelaide,Kangaroos,21.0,21.0,22.181910691184463,1.1819106911844628,16.28,4.719999999999999,25.565756198411297,4.565756198411297
38637,011820260703,2026-07-03,17,West Coast,Adelaide,-25.0,-25.0,-23.471971267733572,1.5280287322664279,-30.53,5.530000000000001,-20.359904960763348,4.640095039236652
38638,051920260712,2026-07-12,18,Brisbane Lions,Essendon,90.0,90.0,55.538562694830404,34.461437305169596,62.5,27.5,51.5298485150895,38.4701514849105
38639,031020260711,2026-07-11,18,Carlton,Hawthorn,-64.0,-64.0,-11.757896765969374,52.24210323403062,-8.92,55.08,-2.741327670819223,61.258672329180776
38640,041220260710,2026-07-10,18,Collingwood,Kangaroos,4.0,4.0,15.249927193591443,11.249927193591443,17.2,13.2,30.076721604231818,26.076721604231818
38641,092120260711,2026-07-11,18,Greater Western Sydney,Geelong,13.0,13.0,-3.4004588470467216,16.40045884704672,-9.18,22.18,-10.785507206221348,23.785507206221347
38642,111420260712,2026-07-12,18,Melbourne,Richmond,46.0,46.0,45.1543231118462,0.8456768881537968,36.16,9.840000000000003,48.01083320728585,2.010833207285849
38643,131520260711,2026-07-11,18,St Kilda,Port Adelaide,14.0,14.0,7.243694906160641,6.756305093839359,6.12,7.88,8.340989166964773,5.659010833035227
38644,071820260712,2026-07-12,18,Western Bulldogs,West Coast,16.0,16.0,35.35102228892505,19.35102228892505,35.01,19.009999999999998,32.21125957697727,16.21125957697727
38645,012020260711,2026-07-11,18,Adelaide,Gold Coast,79.0,79.0,16.150782777129614,62.84921722287039,26.4,52.6,12.398106268656182,66.60189373134382
38646,081620260709,2026-07-09,18,Fremantle,Sydney,38.0,38.0,9.707251271997283,28.292748728002717,14.52,23.48,15.37668052427313,22.62331947572687
38647,030420260718,2026-07-18,19,Collingwood,Carlton,21.0,21.0,10.41705039318704,10.58294960681296,6.76,14.24,11.73672065783642,9.26327934216358
38648,052120260719,2026-07-19,19,Essendon,Greater Western Sydney,3.0,3.0,-30.462973979249245,33.46297397924924,-32.73,35.73,-27.16740305653035,30.16740305653035
38649,091520260716,2026-07-16,19,Geelong,St Kilda,27.0,27.0,21.578495156958045,5.421504843041955,14.35,12.65,23.349954302061853,3.650045697938147
38650,072020260719,2026-07-19,19,Gold Coast,Western Bulldogs,-9.0,-9.0,6.153842745062864,15.153842745062864,10.29,19.29,3.8435664061691526,12.843566406169153
38651,111220260718,2026-07-18,19,Kangaroos,Melbourne,-16.0,-16.0,-14.811046796844952,1.188953203155048,-18.32,2.3200000000000003,-13.544358338390655,2.455641661609345
38652,101420260719,2026-07-19,19,Richmond,Hawthorn,-70.0,-70.0,-53.70365781568537,16.296342184314632,-44.41,25.590000000000003,-43.25099029477315,26.749009705226847
38653,011620260717,2026-07-17,19,Sydney,Adelaide,-16.0,-16.0,10.817457177101513,26.817457177101513,14.77,30.77,7.543001670429736,23.543001670429735
38654,081320260718,2026-07-18,19,Port Adelaide,Fremantle,-28.0,-28.0,-13.152828186230751,14.847171813769249,-31.32,3.3200000000000003,-11.744575208376888,16.255424791623113
38655,181920260718,2026-07-18,19,West Coast,Brisbane Lions,-24.0,-24.0,-29.07660896470952,5.076608964709521,-38.36,14.36,-30.485935544481112,6.485935544481112
38656,131920260726,2026-07-26,20,Brisbane Lions,Port Adelaide,59.0,59.0,27.05320925206425,31.94679074793575,46.89,12.11,24.45726658257102,34.54273341742898
38657,032020260725,2026-07-25,20,Carlton,Gold Coast,13.0,13.0,5.357498279925174,7.642501720074826,6.86,6.14,12.139826130049848,0.8601738699501524
38658,162120260725,2026-07-25,20,Greater Western Sydney,Sydney,-51.0,-51.0,-5.976834151810509,45.02316584818949,-8.4,42.6,4.527529494168168,55.52752949416817
38659,051020260725,2026-07-25,20,Hawthorn,Essendon,93.0,93.0,52.371493547704326,40.628506452295674,65.74,27.260000000000005,53.37747449801469,39.62252550198531
38660,121520260726,2026-07-26,20,Kangaroos,St Kilda,-31.0,-31.0,-11.71503550285575,19.28496449714425,-15.14,15.86,-8.867181793986326,22.132818206013674
38661,091120260724,2026-07-24,20,Melbourne,Geelong,-20.0,-20.0,-5.369932021941007,14.630067978058992,-1.19,18.81,-3.297439119522219,16.70256088047778
38662,071420260725,2026-07-25,20,Western Bulldogs,Richmond,57.0,57.0,38.45460231939046,18.54539768060954,32.26,24.740000000000002,38.34504703939084,18.654952960609158
38663,010420260723,2026-07-23,20,Adelaide,Collingwood,-34.0,-34.0,14.126988072464286,48.126988072464286,14.73,48.730000000000004,12.883073398129413,46.88307339812941
38664,081820260724,2026-07-24,20,Fremantle,West Coast,70.0,70.0,54.07287163284567,15.927128367154332,55.9,14.100000000000001,49.49452670038764,20.505473299612362
38665,031920260801,2026-08-01,21,Carlton,Brisbane Lions,76.0,76.0,-16.780853634237022,92.78085363423702,-18.95,94.95,-10.158174337914089,86.15817433791409
38666,040920260730,2026-07-30,21,Collingwood,Geelong,-25.0,-25.0,-7.378612110950165,17.621387889049835,0.95,25.95,-3.684280122586801,21.315719877413198
38667,010520260802,2026-08-02,21,Essendon,Adelaide,-72.0,-72.0,-39.096707810662025,32.903292189337975,-41.34,30.659999999999997,-29.759615612884648,42.240384387115355
38668,112020260802,2026-08-02,21,Gold Coast,Melbourne,-9.0,-9.0,-4.305584185847856,4.694415814152144,0.23,9.23,-6.1801923010717195,2.8198076989282805
38669,101220260801,2026-08-01,21,Hawthorn,Kangaroos,16.0,16.0,41.529844057123405,25.529844057123405,35.86,19.86,41.94842203271798,25.94842203271798
38670,141820260802,2026-08-02,21,Richmond,West Coast,11.0,11.0,-3.067067427134426,14.067067427134425,5.08,5.92,-5.287480132658032,16.287480132658033
38671,151620260801,2026-08-01,21,St Kilda,Sydney,-19.0,-19.0,-8.15992609432624,10.84007390567376,-7.15,11.85,-1.320660898633699,17.679339101366303
38672,132120260801,2026-08-01,21,Port Adelaide,Greater Western Sydney,-12.0,-12.0,5.832308413268368,17.83230841326837,-6.56,5.44,5.660040020035558,17.66004002003556
38673,070820260731,2026-07-31,21,Fremantle,Western Bulldogs,37.0,37.0,34.455672054341164,2.5443279456588357,44.75,7.75,30.899674335668163,6.100325664331837
38674,101920260807,2026-08-07,22,Brisbane Lions,Hawthorn,67.0,67.0,8.424970325857206,58.5750296741428,-2.31,69.31,4.729779912896038,62.270220087103965
38675,050920260808,2026-08-08,22,Geelong,Essendon,67.0,67.0,66.91142912339171,0.08857087660828711,57.58,9.420000000000002,56.71969587098665,10.280304129013352
38676,202120260809,2026-08-09,22,Greater Western Sydney,Gold Coast,-2.0,-2.0,15.953083444481496,17.953083444481496,9.4,11.4,16.658972229956756,18.658972229956756
38677,081120260808,2026-08-08,22,Melbourne,Fremantle,4.0,4.0,-11.352623933877014,15.352623933877014,-6.5,10.5,-9.535975009677951,13.535975009677951
38678,031520260809,2026-08-09,22,St Kilda,Carlton,-44.0,-44.0,1.2193546473162096,45.21935464731621,3.68,47.68,3.868922293164505,47.8689222931645
38679,131620260808,2026-08-08,22,Sydney,Port Adelaide,97.0,97.0,30.85820273644335,66.14179726355665,41.27,55.73,20.89148881945648,76.10851118054352
38680,071220260806,2026-08-06,22,Western Bulldogs,Kangaroos,-23.0,-23.0,12.7514615159334,35.7514615159334,6.18,29.18,22.11554754593146,45.11554754593146
38681,011420260808,2026-08-08,22,Adelaide,Richmond,9.0,9.0,57.8311421751581,48.8311421751581,46.56,37.56,48.81788462499647,39.81788462499647
38682,041820260809,2026-08-09,22,West Coast,Collingwood,-19.0,-19.0,-25.21622052219541,6.21622052219541,-9.69,9.31,-20.492589797374716,1.4925897973747162
38683,192020260815,2026-08-15,23,Brisbane Lions,Gold Coast,42.0,42.0,27.24784144148348,14.75215855851652,25.98,16.02,30.01830918599395,11.98169081400605
38684,051620260816,2026-08-16,23,Essendon,Sydney,-36.0,-36.0,-54.7888961240756,18.7888961240756,-56.36,20.36,-39.864971484487235,3.864971484487235
38685,182120260816,2026-08-16,23,Greater Western Sydney,West Coast,54.0,54.0,41.75445629140481,12.245543708595193,33.66,20.340000000000003,31.388264524201944,22.611735475798056
38686,041020260815,2026-08-15,23,Hawthorn,Collingwood,0.0,0.0,9.458258723953541,9.458258723953541,24.13,24.13,13.251471295016463,13.251471295016463
38687,091220260815,2026-08-15,23,Kangaroos,Geelong,-15.0,-15.0,-19.50439238720957,4.50439238720957,-11.87,3.130000000000001,-22.254648340136423,7.2546483401364235
38688,141520260815,2026-08-15,23,Richmond,St Kilda,-49.0,-49.0,-32.99491178342138,16.00508821657862,-17.64,31.36,-23.871644152253964,25.128355847746036
38689,030720260816,2026-08-16,23,Western Bulldogs,Carlton,0.0,0.0,-4.816961261562147,4.816961261562147,-27.28,27.28,-0.44661390684061547,0.44661390684061547
38690,111320260815,2026-08-15,23,Port Adelaide,Melbourne,-76.0,-76.0,-12.378644599948641,63.62135540005136,-29.71,46.29,-5.874947745905815,70.12505225409419
38691,010820260814,2026-08-14,23,Fremantle,Adelaide,24.0,24.0,27.389373186758593,3.3893731867585934,25.8,1.8000000000000007,25.95210521677891,1.9521052167789108
38692,041920260821,2026-08-21,24,Collingwood,Brisbane Lions,-63.0,-63.0,-4.0262550463843905,58.97374495361561,-7.19,55.81,-1.6691167164289322,61.33088328357107
38693,030820260822,2026-08-22,24,Carlton,Fremantle,37.0,37.0,-13.384885094242456,50.384885094242456,-4.86,41.86,-9.057072127453704,46.05707212745371
38694,051320260823,2026-08-23,24,Essendon,Port Adelaide,-9.0,-10.0,-18.596902819842672,9.596902819842672,-5.67,3.33,-15.634196220429939,6.6341962204299385
38695,091420260822,2026-08-22,24,Geelong,Richmond,57.0,57.0,68.01575159064261,11.015751590642608,59.54,2.539999999999999,56.20942588546198,0.7905741145380176
38696,071120260822,2026-08-22,24,Melbourne,Western Bulldogs,-21.0,-21.0,17.14136566120053,38.14136566120053,22.8,43.8,20.954366894083677,41.95436689408368
38697,152020260820,2026-08-20,24,St Kilda,Gold Coast,-23.0,-23.0,10.778117549698653,33.77811754969865,8.39,31.39,9.972925486638315,32.97292548663832
38698,121620260823,2026-08-23,24,Sydney,Kangaroos,53.0,53.0,37.764454813045305,15.235545186954695,15.82,37.18,32.21616191786323,20.783838082136768
38699,012120260822,2026-08-22,24,Adelaide,Greater Western Sydney,56.0,56.0,12.667146711911057,43.33285328808894,19.64,36.36,7.414645081736097,48.5853549182639
38700,101820260823,2026-08-23,24,West Coast,Hawthorn,-62.0,-62.0,-31.322293239913385,30.677706760086615,-36.05,25.950000000000003,-27.339077087171887,34.66092291282811
38719,031120260829,2026-08-29,25,Melbourne,Carlton,-19.0,-19.0,7.534821686982734,26.534821686982735,8.41,27.41,9.198037507177052,28.19803750717705
38720,040720260828,2026-08-28,25,Western Bulldogs,Collingwood,3.0,3.0,-1.6712886177840915,4.671288617784091,-2.57,5.57,1.8941255124889478,1.1058744875110522
38721,030920260904,2026-09-04,26,Geelong,Carlton,33.0,33.0,9.48815148062621,23.511848519373792,14.61,18.39,13.597733289292545,19.402266710707455
38722,010720260905,2026-09-05,26,Adelaide,Western Bulldogs,22.0,22.0,14.734536278459046,7.265463721540954,19.12,2.879999999999999,11.325670741150955,10.674329258849045
38723,081020260903,2026-09-03,26,Fremantle,Hawthorn,-32.0,-32.0,16.473861743995368,48.47386174399537,9.84,41.84,13.234463276457715,45.23446327645772
38724,161920260905,2026-09-05,26,Sydney,Brisbane Lions,53.0,53.0,13.19479371965642,39.80520628034358,-12.79,65.78999999999999,2.1962107007196368,50.80378929928036
38725,080920260911,2026-09-11,27,Fremantle,Geelong,14.0,14.0,7.498300434814906,6.501699565185094,6.59,7.41,4.397102645158268,9.602897354841732
38726,011920260912,2026-09-12,27,Brisbane Lions,Adelaide,53.0,53.0,18.882909180488575,34.117090819511425,23.44,29.56,21.559114196110848,31.440885803889152
